image,width,height,quality_status,brightness,contrast,blur_score,defect_count,affected_area_percentage,largest_defect_percentage,average_confidence,main_defect,severity_score,severity,decision,explanation
crazing_10.jpg,200,200,PASS,136.99,35.72,1734.77,3,58.650001525878906,27.780000686645508,0.228,crazing,91,HIGH,REJECT,Large affected area | Large individual defect | Higher-risk defect type detected | 3 low-confidence detection(s)
crazing_102.jpg,200,200,PASS,97.02,39.46,1104.7,1,12.539999961853027,12.539999961853027,0.236,crazing,65,HIGH,REJECT,Large affected area | Large individual defect | Higher-risk defect type detected | 1 low-confidence detection(s)
crazing_104.jpg,200,200,PASS,94.37,33.05,1026.57,1,3.2200000286102295,3.2200000286102295,0.157,patches,37,MEDIUM,INSPECT,1 low-confidence detection(s)
crazing_110.jpg,200,200,PASS,90.27,30.34,994.69,2,35.7400016784668,20.59000015258789,0.29,crazing,79,HIGH,REJECT,Large affected area | Large individual defect | Higher-risk defect type detected | 2 low-confidence detection(s)
crazing_111.jpg,200,200,PASS,89.3,29.49,991.69,0,0.0,0.0,0.0,None,0,LOW,PASS,No defects detected.
crazing_12.jpg,200,200,PASS,165.21,26.45,2411.77,3,79.83000183105469,33.0099983215332,0.237,crazing,91,HIGH,REJECT,Large affected area | Large individual defect | Higher-risk defect type detected | 3 low-confidence detection(s)
crazing_126.jpg,200,200,PASS,151.35,28.44,2228.41,3,73.7699966430664,35.97999954223633,0.185,crazing,91,HIGH,REJECT,Large affected area | Large individual defect | Higher-risk defect type detected | 3 low-confidence detection(s)
crazing_134.jpg,200,200,PASS,152.05,22.93,2012.04,2,45.58000183105469,28.68000030517578,0.222,crazing,89,HIGH,REJECT,Large affected area | Large individual defect | Higher-risk defect type detected | Defect detected in center region | 2 low-confidence detection(s)
crazing_138.jpg,200,200,PASS,128.83,28.03,1751.87,2,24.989999771118164,15.960000038146973,0.239,crazing,82,HIGH,REJECT,Large affected area | Large individual defect | Higher-risk defect type detected | 2 low-confidence detection(s)
crazing_145.jpg,200,200,PASS,131.28,22.91,1799.37,2,26.489999771118164,15.520000457763672,0.195,crazing,79,HIGH,REJECT,Large affected area | Large individual defect | Higher-risk defect type detected | 2 low-confidence detection(s)
crazing_148.jpg,200,200,PASS,139.61,26.86,2024.92,2,28.65999984741211,16.8700008392334,0.259,crazing,79,HIGH,REJECT,Large affected area | Large individual defect | Higher-risk defect type detected | 2 low-confidence detection(s)
crazing_154.jpg,200,200,PASS,128.09,31.37,1644.55,3,80.5199966430664,33.2599983215332,0.203,crazing,85,HIGH,REJECT,Large affected area | Large individual defect | Higher-risk defect type detected | 3 low-confidence detection(s)
crazing_157.jpg,200,200,PASS,146.28,25.64,2038.53,3,80.91000366210938,42.31999969482422,0.197,crazing,88,HIGH,REJECT,Large affected area | Large individual defect | Higher-risk defect type detected | 3 low-confidence detection(s)
crazing_158.jpg,200,200,PASS,155.23,24.95,2249.86,1,17.239999771118164,17.239999771118164,0.229,crazing,65,HIGH,REJECT,Large affected area | Large individual defect | Higher-risk defect type detected | 1 low-confidence detection(s)
crazing_179.jpg,200,200,PASS,161.91,30.19,2372.18,3,46.27000045776367,19.549999237060547,0.332,crazing,89,HIGH,REJECT,Large affected area | Large individual defect | Higher-risk defect type detected | Defect detected in center region | 3 low-confidence detection(s)
crazing_183.jpg,200,200,PASS,83.8,23.72,1134.78,0,0.0,0.0,0.0,None,0,LOW,PASS,No defects detected.
crazing_186.jpg,200,200,PASS,155.43,26.6,2271.02,3,100.0,46.720001220703125,0.204,crazing,93,HIGH,REJECT,Large affected area | Large individual defect | Higher-risk defect type detected | Defect detected in center region | 3 low-confidence detection(s)
crazing_192.jpg,200,200,PASS,166.64,30.64,2622.86,3,43.88999938964844,16.280000686645508,0.258,crazing,85,HIGH,REJECT,Large affected area | Large individual defect | Higher-risk defect type detected | 3 low-confidence detection(s)
crazing_199.jpg,200,200,PASS,164.41,29.91,2466.11,2,55.43000030517578,44.310001373291016,0.231,crazing,89,HIGH,REJECT,Large affected area | Large individual defect | Higher-risk defect type detected | Defect detected in center region | 2 low-confidence detection(s)
crazing_201.jpg,200,200,PASS,152.6,35.69,2259.68,5,100.0,47.77000045776367,0.197,crazing,97,HIGH,REJECT,Large affected area | Large individual defect | Multiple defects detected | Higher-risk defect type detected | Defect detected in center region | 5 low-confidence detection(s)
crazing_204.jpg,200,200,PASS,93.8,21.85,1138.12,0,0.0,0.0,0.0,None,0,LOW,PASS,No defects detected.
crazing_205.jpg,200,200,PASS,121.05,32.25,1607.88,0,0.0,0.0,0.0,None,0,LOW,PASS,No defects detected.
crazing_206.jpg,200,200,PASS,159.09,28.04,2293.42,2,54.939998626708984,33.779998779296875,0.254,crazing,82,HIGH,REJECT,Large affected area | Large individual defect | Higher-risk defect type detected | 2 low-confidence detection(s)
crazing_207.jpg,200,200,PASS,159.12,27.76,2279.52,1,27.360000610351562,27.360000610351562,0.176,crazing,72,HIGH,REJECT,Large affected area | Large individual defect | Higher-risk defect type detected | 1 low-confidence detection(s)
crazing_210.jpg,200,200,PASS,103.71,24.12,1271.49,0,0.0,0.0,0.0,None,0,LOW,PASS,No defects detected.
crazing_216.jpg,200,200,PASS,150.45,26.27,2215.67,3,80.02999877929688,35.959999084472656,0.313,crazing,91,HIGH,REJECT,Large affected area | Large individual defect | Higher-risk defect type detected | 3 low-confidence detection(s)
crazing_217.jpg,200,200,PASS,149.28,28.85,2139.13,2,57.459999084472656,41.61000061035156,0.241,crazing,89,HIGH,REJECT,Large affected area | Large individual defect | Higher-risk defect type detected | Defect detected in center region | 2 low-confidence detection(s)
crazing_220.jpg,200,200,PASS,156.57,26.42,2400.26,2,42.59000015258789,24.969999313354492,0.258,crazing,82,HIGH,REJECT,Large affected area | Large individual defect | Higher-risk defect type detected | 2 low-confidence detection(s)
crazing_223.jpg,200,200,PASS,79.89,24.81,938.62,1,12.430000305175781,12.430000305175781,0.227,crazing,65,HIGH,REJECT,Large affected area | Large individual defect | Higher-risk defect type detected | 1 low-confidence detection(s)
crazing_226.jpg,200,200,PASS,158.88,26.47,2484.73,1,16.329999923706055,16.329999923706055,0.28,crazing,68,HIGH,REJECT,Large affected area | Large individual defect | Higher-risk defect type detected | 1 low-confidence detection(s)
crazing_227.jpg,200,200,PASS,156.16,28.07,2428.81,2,63.310001373291016,44.0,0.242,crazing,82,HIGH,REJECT,Large affected area | Large individual defect | Higher-risk defect type detected | 2 low-confidence detection(s)
crazing_23.jpg,200,200,PASS,125.89,37.76,1508.0,2,73.4000015258789,49.52000045776367,0.164,crazing,89,HIGH,REJECT,Large affected area | Large individual defect | Higher-risk defect type detected | Defect detected in center region | 2 low-confidence detection(s)
crazing_230.jpg,200,200,PASS,78.02,25.5,893.62,0,0.0,0.0,0.0,None,0,LOW,PASS,No defects detected.
crazing_238.jpg,200,200,PASS,148.9,29.06,2027.96,5,100.0,40.689998626708984,0.243,crazing,97,HIGH,REJECT,Large affected area | Large individual defect | Multiple defects detected | Higher-risk defect type detected | Defect detected in center region | 4 low-confidence detection(s)
crazing_244.jpg,200,200,PASS,172.83,31.93,2536.71,4,100.0,46.130001068115234,0.206,crazing,97,HIGH,REJECT,Large affected area | Large individual defect | Higher-risk defect type detected | Defect detected in center region | 4 low-confidence detection(s)
crazing_246.jpg,200,200,PASS,171.57,28.72,2578.01,7,100.0,54.869998931884766,0.272,crazing,100,HIGH,REJECT,Large affected area | Large individual defect | Multiple defects detected | Higher-risk defect type detected | 7 low-confidence detection(s)
crazing_257.jpg,200,200,PASS,170.22,28.29,2441.09,4,68.1500015258789,29.229999542236328,0.192,crazing,97,HIGH,REJECT,Large affected area | Large individual defect | Higher-risk defect type detected | 4 low-confidence detection(s)
crazing_26.jpg,200,200,PASS,159.61,27.01,2354.99,3,56.70000076293945,26.56999969482422,0.315,crazing,93,HIGH,REJECT,Large affected area | Large individual defect | Higher-risk defect type detected | Defect detected in center region | 2 low-confidence detection(s)
crazing_267.jpg,200,200,PASS,151.55,35.56,2093.0,3,81.41000366210938,31.100000381469727,0.191,crazing,91,HIGH,REJECT,Large affected area | Large individual defect | Higher-risk defect type detected | 3 low-confidence detection(s)
crazing_27.jpg,200,200,PASS,152.03,25.69,2160.52,0,0.0,0.0,0.0,None,0,LOW,PASS,No defects detected.
crazing_271.jpg,200,200,PASS,167.11,37.25,2422.99,6,100.0,35.310001373291016,0.222,crazing,100,HIGH,REJECT,Large affected area | Large individual defect | Multiple defects detected | Higher-risk defect type detected | Defect detected in center region | 6 low-confidence detection(s)
crazing_273.jpg,200,200,PASS,179.49,35.52,2686.97,3,89.38999938964844,41.91999816894531,0.214,crazing,93,HIGH,REJECT,Large affected area | Large individual defect | Higher-risk defect type detected | Defect detected in center region | 3 low-confidence detection(s)
crazing_278.jpg,200,200,PASS,175.7,30.85,2631.61,6,100.0,32.47999954223633,0.228,crazing,100,HIGH,REJECT,Large affected area | Large individual defect | Multiple defects detected | Higher-risk defect type detected | Defect detected in center region | 6 low-confidence detection(s)
crazing_28.jpg,200,200,PASS,105.92,35.48,1228.52,2,25.18000030517578,17.450000762939453,0.212,crazing,76,HIGH,REJECT,Large affected area | Large individual defect | Higher-risk defect type detected | 2 low-confidence detection(s)
crazing_280.jpg,200,200,PASS,103.07,27.15,1284.39,2,32.59000015258789,16.649999618530273,0.196,crazing,76,HIGH,REJECT,Large affected area | Large individual defect | Higher-risk defect type detected | 2 low-confidence detection(s)
crazing_285.jpg,200,200,PASS,167.3,28.49,2489.71,1,43.88999938964844,43.88999938964844,0.178,crazing,75,HIGH,REJECT,Large affected area | Large individual defect | Higher-risk defect type detected | 1 low-confidence detection(s)
crazing_288.jpg,200,200,PASS,173.67,26.2,2541.76,8,100.0,37.68000030517578,0.218,crazing,100,HIGH,REJECT,Large affected area | Large individual defect | Multiple defects detected | Higher-risk defect type detected | 7 low-confidence detection(s)
crazing_295.jpg,200,200,PASS,162.63,29.88,2367.9,3,76.45999908447266,37.75,0.222,crazing,91,HIGH,REJECT,Large affected area | Large individual defect | Higher-risk defect type detected | 3 low-confidence detection(s)
crazing_30.jpg,200,200,PASS,145.87,31.21,2003.23,1,14.039999961853027,14.039999961853027,0.165,crazing,65,HIGH,REJECT,Large affected area | Large individual defect | Higher-risk defect type detected | 1 low-confidence detection(s)
crazing_300.jpg,200,200,PASS,174.15,30.42,2618.54,4,100.0,46.349998474121094,0.208,crazing,97,HIGH,REJECT,Large affected area | Large individual defect | Higher-risk defect type detected | Defect detected in center region | 4 low-confidence detection(s)
crazing_34.jpg,200,200,PASS,117.8,35.48,1449.09,1,16.739999771118164,16.739999771118164,0.166,crazing,65,HIGH,REJECT,Large affected area | Large individual defect | Higher-risk defect type detected | 1 low-confidence detection(s)
crazing_35.jpg,200,200,PASS,135.59,32.59,1715.59,1,15.4399995803833,15.4399995803833,0.224,crazing,65,HIGH,REJECT,Large affected area | Large individual defect | Higher-risk defect type detected | 1 low-confidence detection(s)
crazing_4.jpg,200,200,PASS,163.09,29.04,2339.68,3,93.70999908447266,39.33000183105469,0.252,crazing,88,HIGH,REJECT,Large affected area | Large individual defect | Higher-risk defect type detected | 2 low-confidence detection(s)
crazing_51.jpg,200,200,PASS,110.04,22.15,1407.9,0,0.0,0.0,0.0,None,0,LOW,PASS,No defects detected.
crazing_59.jpg,200,200,PASS,103.76,34.62,1227.47,0,0.0,0.0,0.0,None,0,LOW,PASS,No defects detected.
crazing_60.jpg,200,200,PASS,110.88,39.66,1382.99,2,34.83000183105469,19.670000076293945,0.168,crazing,86,HIGH,REJECT,Large affected area | Large individual defect | Higher-risk defect type detected | Defect detected in center region | 2 low-confidence detection(s)
crazing_65.jpg,200,200,PASS,151.29,25.07,2113.06,2,22.06999969482422,12.130000114440918,0.194,crazing,76,HIGH,REJECT,Large affected area | Large individual defect | Higher-risk defect type detected | 2 low-confidence detection(s)
crazing_72.jpg,200,200,PASS,86.16,21.18,1004.84,1,12.279999732971191,12.279999732971191,0.212,crazing,68,HIGH,REJECT,Large affected area | Large individual defect | Higher-risk defect type detected | 1 low-confidence detection(s)
crazing_84.jpg,200,200,PASS,168.94,28.54,2562.96,2,43.459999084472656,25.959999084472656,0.242,crazing,79,HIGH,REJECT,Large affected area | Large individual defect | Higher-risk defect type detected | 2 low-confidence detection(s)
crazing_86.jpg,200,200,PASS,165.33,26.45,2455.13,3,66.66000366210938,40.380001068115234,0.188,crazing,88,HIGH,REJECT,Large affected area | Large individual defect | Higher-risk defect type detected | 3 low-confidence detection(s)
crazing_88.jpg,200,200,PASS,158.77,26.15,2252.11,4,78.9000015258789,25.280000686645508,0.229,crazing,97,HIGH,REJECT,Large affected area | Large individual defect | Higher-risk defect type detected | Defect detected in center region | 4 low-confidence detection(s)
crazing_92.jpg,200,200,PASS,157.44,28.39,2469.63,2,19.1200008392334,10.430000305175781,0.169,crazing,75,HIGH,REJECT,Large affected area | Large individual defect | Higher-risk defect type detected | 2 low-confidence detection(s)
inclusion_110.jpg,200,200,REVIEW,87.13,10.04,20.54,3,27.90999984741211,18.649999618530273,0.642,inclusion,80,HIGH,REJECT,Large affected area | Large individual defect | 1 low-confidence detection(s) | Image quality requires review
inclusion_114.jpg,200,200,REVIEW,93.68,12.4,26.32,8,45.18000030517578,11.130000114440918,0.562,inclusion,89,HIGH,REJECT,Large affected area | Large individual defect | Multiple defects detected | Defect detected in center region | 2 low-confidence detection(s) | Image quality requires review
inclusion_115.jpg,200,200,REVIEW,98.19,13.43,28.49,10,74.01000213623047,19.5,0.463,inclusion,89,HIGH,REJECT,Large affected area | Large individual defect | Multiple defects detected | 5 low-confidence detection(s) | Image quality requires review
inclusion_12.jpg,200,200,REVIEW,101.37,10.42,25.81,11,81.70999908447266,17.549999237060547,0.497,inclusion,89,HIGH,REJECT,Large affected area | Large individual defect | Multiple defects detected | Defect detected in center region | 4 low-confidence detection(s) | Image quality requires review
inclusion_122.jpg,200,200,REVIEW,118.09,12.23,50.16,4,38.529998779296875,23.0,0.69,inclusion,89,HIGH,REJECT,Large affected area | Large individual defect | Defect detected in center region | 1 low-confidence detection(s) | Image quality requires review
inclusion_123.jpg,200,200,REVIEW,111.46,11.31,47.62,4,16.84000015258789,7.070000171661377,0.559,inclusion,76,HIGH,REJECT,Large affected area | 2 low-confidence detection(s) | Image quality requires review
inclusion_126.jpg,200,200,REVIEW,109.5,10.49,33.94,5,28.110000610351562,11.359999656677246,0.536,inclusion,86,HIGH,REJECT,Large affected area | Large individual defect | Multiple defects detected | Defect detected in center region | 1 low-confidence detection(s) | Image quality requires review
inclusion_129.jpg,200,200,REVIEW,72.08,9.62,13.07,4,23.540000915527344,14.130000114440918,0.513,inclusion,84,HIGH,REJECT,Large affected area | Large individual defect | 2 low-confidence detection(s) | Image quality requires review
inclusion_13.jpg,200,200,REVIEW,97.69,10.18,25.97,7,60.439998626708984,17.959999084472656,0.557,inclusion,89,HIGH,REJECT,Large affected area | Large individual defect | Multiple defects detected | Defect detected in center region | 2 low-confidence detection(s) | Image quality requires review
inclusion_132.jpg,200,200,REVIEW,89.46,10.65,38.73,1,16.770000457763672,16.770000457763672,0.605,inclusion,64,HIGH,REJECT,Large affected area | Large individual defect | Defect detected in center region | Image quality requires review
inclusion_133.jpg,200,200,REVIEW,75.85,9.35,19.94,3,94.88999938964844,40.779998779296875,0.594,inclusion,85,HIGH,REJECT,Large affected area | Large individual defect | Defect detected in center region | Image quality requires review
inclusion_135.jpg,200,200,REVIEW,96.0,10.79,51.12,1,18.06999969482422,18.06999969482422,0.655,inclusion,60,MEDIUM,INSPECT,Large affected area | Large individual defect | Image quality requires review
inclusion_144.jpg,200,200,REVIEW,88.99,11.22,19.96,4,7.610000133514404,3.990000009536743,0.574,inclusion,67,HIGH,REJECT,Moderate affected area | Defect detected in center region | 1 low-confidence detection(s) | Image quality requires review
inclusion_158.jpg,200,200,REVIEW,118.31,9.96,47.65,4,36.90999984741211,27.829999923706055,0.422,inclusion,89,HIGH,REJECT,Large affected area | Large individual defect | Defect detected in center region | 3 low-confidence detection(s) | Image quality requires review
inclusion_167.jpg,200,200,REVIEW,79.82,11.31,16.8,5,76.68000030517578,25.93000030517578,0.441,inclusion,89,HIGH,REJECT,Large affected area | Large individual defect | Multiple defects detected | Defect detected in center region | 3 low-confidence detection(s) | Image quality requires review
inclusion_179.jpg,200,200,REVIEW,80.71,9.98,15.23,3,11.270000457763672,7.860000133514404,0.604,inclusion,66,HIGH,REJECT,Large affected area | 1 low-confidence detection(s) | Image quality requires review
inclusion_18.jpg,200,200,REVIEW,119.77,8.08,52.63,10,71.62999725341797,18.959999084472656,0.517,inclusion,89,HIGH,REJECT,Large affected area | Large individual defect | Multiple defects detected | Defect detected in center region | 3 low-confidence detection(s) | Image quality requires review
inclusion_182.jpg,200,200,REVIEW,80.27,11.03,24.99,4,53.68000030517578,29.719999313354492,0.45,inclusion,84,HIGH,REJECT,Large affected area | Large individual defect | 2 low-confidence detection(s) | Image quality requires review
inclusion_183.jpg,200,200,REVIEW,82.85,11.18,29.21,3,32.779998779296875,27.239999771118164,0.478,inclusion,80,HIGH,REJECT,Large affected area | Large individual defect | 1 low-confidence detection(s) | Image quality requires review
inclusion_196.jpg,200,200,REVIEW,112.87,11.79,48.35,3,28.610000610351562,15.34000015258789,0.487,inclusion,80,HIGH,REJECT,Large affected area | Large individual defect | 1 low-confidence detection(s) | Image quality requires review
inclusion_2.jpg,200,200,REVIEW,113.03,12.97,33.38,3,4.449999809265137,2.240000009536743,0.612,inclusion,53,MEDIUM,INSPECT,Defect characteristics remain within lower severity thresholds | Image quality requires review
inclusion_215.jpg,200,200,REVIEW,91.46,10.43,33.54,3,35.22999954223633,29.889999389648438,0.408,inclusion,85,HIGH,REJECT,Large affected area | Large individual defect | Defect detected in center region | 2 low-confidence detection(s) | Image quality requires review
inclusion_218.jpg,200,200,REVIEW,87.38,8.48,20.24,4,25.979999542236328,11.3100004196167,0.509,inclusion,86,HIGH,REJECT,Large affected area | Large individual defect | Defect detected in center region | 2 low-confidence detection(s) | Image quality requires review
inclusion_219.jpg,200,200,REVIEW,109.25,7.36,36.16,3,8.079999923706055,4.920000076293945,0.57,inclusion,63,HIGH,REJECT,Moderate affected area | Defect detected in center region | Image quality requires review
inclusion_220.jpg,200,200,REVIEW,107.04,12.23,38.87,1,22.270000457763672,22.270000457763672,0.896,inclusion,71,HIGH,REJECT,Large affected area | Large individual defect | Defect detected in center region | Image quality requires review
inclusion_222.jpg,200,200,REVIEW,122.68,6.74,52.16,3,13.729999542236328,9.779999732971191,0.509,inclusion,70,HIGH,REJECT,Large affected area | Defect detected in center region | 1 low-confidence detection(s) | Image quality requires review
inclusion_223.jpg,200,200,REVIEW,111.1,8.82,35.03,4,14.489999771118164,4.329999923706055,0.743,inclusion,73,HIGH,REJECT,Large affected area | Defect detected in center region | Image quality requires review
inclusion_225.jpg,200,200,REVIEW,96.2,12.8,45.58,4,53.65999984741211,23.469999313354492,0.389,inclusion,89,HIGH,REJECT,Large affected area | Large individual defect | 2 low-confidence detection(s) | Image quality requires review
inclusion_23.jpg,200,200,REVIEW,79.55,14.57,24.02,7,72.3499984741211,32.72999954223633,0.461,inclusion,92,HIGH,REJECT,Large affected area | Large individual defect | Multiple defects detected | 3 low-confidence detection(s) | Image quality requires review
inclusion_231.jpg,200,200,PASS,182.05,32.47,63.91,4,18.489999771118164,8.369999885559082,0.336,inclusion,78,HIGH,REJECT,Large affected area | Defect detected in center region | 3 low-confidence detection(s)
inclusion_233.jpg,200,200,PASS,195.37,24.58,79.32,8,19.760000228881836,5.949999809265137,0.372,inclusion,81,HIGH,REJECT,Large affected area | Multiple defects detected | 4 low-confidence detection(s)
inclusion_235.jpg,200,200,REVIEW,221.4,20.69,102.51,7,27.030000686645508,14.430000305175781,0.455,inclusion,89,HIGH,REJECT,Large affected area | Large individual defect | Multiple defects detected | Defect detected in center region | 4 low-confidence detection(s) | Image quality requires review
inclusion_240.jpg,200,200,REVIEW,233.43,18.39,143.3,6,15.539999961853027,5.730000019073486,0.306,inclusion,81,HIGH,REJECT,Large affected area | Multiple defects detected | Defect detected in center region | 4 low-confidence detection(s) | Image quality requires review
inclusion_243.jpg,200,200,PASS,186.3,26.4,72.81,6,17.790000915527344,5.329999923706055,0.449,inclusion,81,HIGH,REJECT,Large affected area | Multiple defects detected | 3 low-confidence detection(s)
inclusion_249.jpg,200,200,REVIEW,159.98,30.23,49.55,5,44.900001525878906,16.6299991607666,0.419,inclusion,84,HIGH,REJECT,Large affected area | Large individual defect | Multiple defects detected | 3 low-confidence detection(s) | Image quality requires review
inclusion_250.jpg,200,200,PASS,178.87,28.6,58.79,1,17.399999618530273,17.399999618530273,0.703,inclusion,64,HIGH,REJECT,Large affected area | Large individual defect | Defect detected in center region
inclusion_251.jpg,200,200,REVIEW,228.23,15.7,88.97,2,8.930000305175781,5.360000133514404,0.724,inclusion,64,HIGH,REJECT,Moderate affected area | Defect detected in center region | Image quality requires review
inclusion_253.jpg,200,200,PASS,180.39,30.47,52.81,1,8.199999809265137,8.199999809265137,0.683,inclusion,47,MEDIUM,INSPECT,Moderate affected area
inclusion_258.jpg,200,200,REVIEW,102.35,13.65,23.46,2,43.11000061035156,24.270000457763672,0.817,inclusion,77,HIGH,REJECT,Large affected area | Large individual defect | Image quality requires review
inclusion_265.jpg,200,200,REVIEW,75.27,13.56,14.46,5,39.220001220703125,23.270000457763672,0.562,inclusion,89,HIGH,REJECT,Large affected area | Large individual defect | Multiple defects detected | 1 low-confidence detection(s) | Image quality requires review
inclusion_268.jpg,200,200,REVIEW,104.17,16.16,21.25,1,20.15999984741211,20.15999984741211,0.8,inclusion,67,HIGH,REJECT,Large affected area | Large individual defect | Image quality requires review
inclusion_270.jpg,200,200,REVIEW,87.14,15.3,18.75,2,39.16999816894531,20.25,0.52,inclusion,81,HIGH,REJECT,Large affected area | Large individual defect | Defect detected in center region | 1 low-confidence detection(s) | Image quality requires review
inclusion_273.jpg,200,200,REVIEW,95.05,14.34,20.29,4,15.930000305175781,7.510000228881836,0.379,inclusion,78,HIGH,REJECT,Large affected area | 2 low-confidence detection(s) | Image quality requires review
inclusion_277.jpg,200,200,REVIEW,137.24,12.81,57.58,2,21.059999465942383,20.690000534057617,0.497,inclusion,74,HIGH,REJECT,Large affected area | Large individual defect | 1 low-confidence detection(s) | Image quality requires review
inclusion_280.jpg,200,200,REVIEW,122.77,12.46,44.58,1,16.600000381469727,16.600000381469727,0.675,inclusion,60,MEDIUM,INSPECT,Large affected area | Large individual defect | Image quality requires review
inclusion_284.jpg,200,200,REVIEW,82.09,15.11,26.46,5,17.1200008392334,5.369999885559082,0.366,inclusion,78,HIGH,REJECT,Large affected area | Multiple defects detected | 3 low-confidence detection(s) | Image quality requires review
inclusion_286.jpg,200,200,REVIEW,97.11,14.45,33.23,2,28.100000381469727,17.209999084472656,0.614,inclusion,74,HIGH,REJECT,Large affected area | Large individual defect | Image quality requires review
inclusion_288.jpg,200,200,REVIEW,68.28,11.35,12.98,1,18.93000030517578,18.93000030517578,0.744,inclusion,60,MEDIUM,INSPECT,Large affected area | Large individual defect | Image quality requires review
inclusion_29.jpg,200,200,REVIEW,115.23,10.2,97.19,4,44.52000045776367,18.989999771118164,0.634,inclusion,86,HIGH,REJECT,Large affected area | Large individual defect | Defect detected in center region | 1 low-confidence detection(s) | Image quality requires review
inclusion_292.jpg,200,200,REVIEW,119.77,10.44,58.36,9,39.619998931884766,17.489999771118164,0.436,inclusion,89,HIGH,REJECT,Large affected area | Large individual defect | Multiple defects detected | Defect detected in center region | 6 low-confidence detection(s) | Image quality requires review
inclusion_43.jpg,200,200,REVIEW,113.26,9.97,71.91,7,51.83000183105469,20.450000762939453,0.546,inclusion,92,HIGH,REJECT,Large affected area | Large individual defect | Multiple defects detected | Defect detected in center region | 2 low-confidence detection(s) | Image quality requires review
inclusion_44.jpg,200,200,REVIEW,114.61,10.32,52.4,7,64.8499984741211,24.670000076293945,0.578,inclusion,92,HIGH,REJECT,Large affected area | Large individual defect | Multiple defects detected | 2 low-confidence detection(s) | Image quality requires review
inclusion_46.jpg,200,200,REVIEW,69.43,8.37,12.33,4,77.19999694824219,32.63999938964844,0.455,inclusion,89,HIGH,REJECT,Large affected area | Large individual defect | 1 low-confidence detection(s) | Image quality requires review
inclusion_47.jpg,200,200,REVIEW,73.61,9.49,15.89,4,59.47999954223633,26.81999969482422,0.472,inclusion,89,HIGH,REJECT,Large affected area | Large individual defect | Defect detected in center region | 2 low-confidence detection(s) | Image quality requires review
inclusion_48.jpg,200,200,REVIEW,81.96,10.44,20.82,4,65.87000274658203,28.829999923706055,0.436,inclusion,89,HIGH,REJECT,Large affected area | Large individual defect | Defect detected in center region | 1 low-confidence detection(s) | Image quality requires review
inclusion_50.jpg,200,200,REVIEW,85.15,10.07,25.37,1,23.059999465942383,23.059999465942383,0.813,inclusion,71,HIGH,REJECT,Large affected area | Large individual defect | Defect detected in center region | Image quality requires review
inclusion_52.jpg,200,200,REVIEW,91.35,9.94,38.16,3,21.350000381469727,18.25,0.386,inclusion,81,HIGH,REJECT,Large affected area | Large individual defect | Defect detected in center region | 2 low-confidence detection(s) | Image quality requires review
inclusion_56.jpg,200,200,REVIEW,99.47,10.5,48.54,3,61.11000061035156,29.030000686645508,0.509,inclusion,83,HIGH,REJECT,Large affected area | Large individual defect | 1 low-confidence detection(s) | Image quality requires review
inclusion_66.jpg,200,200,REVIEW,112.39,16.66,55.01,3,50.45000076293945,26.15999984741211,0.439,inclusion,85,HIGH,REJECT,Large affected area | Large individual defect | Defect detected in center region | 2 low-confidence detection(s) | Image quality requires review
inclusion_71.jpg,200,200,REVIEW,91.41,13.9,26.28,3,25.809999465942383,13.699999809265137,0.416,inclusion,82,HIGH,REJECT,Large affected area | Large individual defect | Defect detected in center region | 1 low-confidence detection(s) | Image quality requires review
inclusion_72.jpg,200,200,REVIEW,116.95,14.94,69.76,3,9.329999923706055,5.760000228881836,0.448,inclusion,68,HIGH,REJECT,Moderate affected area | Defect detected in center region | 2 low-confidence detection(s) | Image quality requires review
inclusion_85.jpg,200,200,REVIEW,94.35,12.22,23.39,7,42.41999816894531,10.489999771118164,0.466,inclusion,89,HIGH,REJECT,Large affected area | Large individual defect | Multiple defects detected | 4 low-confidence detection(s) | Image quality requires review
inclusion_92.jpg,200,200,REVIEW,120.26,10.11,54.27,5,22.940000534057617,15.09000015258789,0.39,inclusion,86,HIGH,REJECT,Large affected area | Large individual defect | Multiple defects detected | 3 low-confidence detection(s) | Image quality requires review
patches_1.jpg,200,200,PASS,166.91,51.89,2567.33,4,50.349998474121094,25.329999923706055,0.636,patches,89,HIGH,REJECT,Large affected area | Large individual defect | Defect detected in center region | 1 low-confidence detection(s)
patches_10.jpg,200,200,PASS,148.38,48.7,2078.26,2,23.1200008392334,17.549999237060547,0.867,patches,71,HIGH,REJECT,Large affected area | Large individual defect
patches_105.jpg,200,200,PASS,116.34,59.19,1472.54,4,34.189998626708984,12.989999771118164,0.77,patches,78,HIGH,REJECT,Large affected area | Large individual defect
patches_109.jpg,200,200,PASS,125.37,43.58,1661.2,4,32.29999923706055,22.440000534057617,0.607,patches,89,HIGH,REJECT,Large affected area | Large individual defect | Defect detected in center region
patches_125.jpg,200,200,PASS,160.94,54.48,2281.63,4,24.65999984741211,17.229999542236328,0.71,patches,81,HIGH,REJECT,Large affected area | Large individual defect
patches_133.jpg,200,200,PASS,62.99,27.01,670.77,3,16.34000015258789,6.5,0.854,patches,72,HIGH,REJECT,Large affected area
patches_137.jpg,200,200,PASS,84.03,48.32,993.2,4,100.0,59.279998779296875,0.512,patches,89,HIGH,REJECT,Large affected area | Large individual defect | Defect detected in center region | 2 low-confidence detection(s)
patches_139.jpg,200,200,PASS,109.8,49.72,1369.46,4,35.290000915527344,19.639999389648438,0.622,patches,84,HIGH,REJECT,Large affected area | Large individual defect | 1 low-confidence detection(s)
patches_140.jpg,200,200,PASS,84.89,58.89,1042.19,5,63.2400016784668,23.59000015258789,0.773,patches,89,HIGH,REJECT,Large affected area | Large individual defect | Multiple defects detected
patches_156.jpg,200,200,PASS,175.15,56.21,2024.6,2,11.489999771118164,7.869999885559082,0.796,patches,70,HIGH,REJECT,Large affected area | Defect detected in center region
patches_157.jpg,200,200,PASS,140.24,63.09,1568.48,3,97.0199966430664,50.279998779296875,0.643,patches,85,HIGH,REJECT,Large affected area | Large individual defect | Defect detected in center region | 1 low-confidence detection(s)
patches_168.jpg,200,200,PASS,143.2,64.86,1738.09,9,67.29000091552734,18.889999389648438,0.408,patches,89,HIGH,REJECT,Large affected area | Large individual defect | Multiple defects detected | Defect detected in center region | 5 low-confidence detection(s)
patches_18.jpg,200,200,PASS,156.39,57.14,1925.52,3,40.95000076293945,28.260000228881836,0.761,patches,85,HIGH,REJECT,Large affected area | Large individual defect | Defect detected in center region
patches_182.jpg,200,200,PASS,89.56,46.93,1111.89,4,33.119998931884766,24.899999618530273,0.534,patches,89,HIGH,REJECT,Large affected area | Large individual defect | Defect detected in center region | 1 low-confidence detection(s)
patches_184.jpg,200,200,PASS,168.28,61.24,2198.56,4,41.09000015258789,28.90999984741211,0.593,patches,89,HIGH,REJECT,Large affected area | Large individual defect | 1 low-confidence detection(s)
patches_186.jpg,200,200,PASS,137.77,62.35,1737.79,2,49.439998626708984,28.190000534057617,0.848,patches,81,HIGH,REJECT,Large affected area | Large individual defect | Defect detected in center region
patches_193.jpg,200,200,PASS,139.6,53.4,1994.5,4,40.84000015258789,18.540000915527344,0.733,patches,86,HIGH,REJECT,Large affected area | Large individual defect | Defect detected in center region
patches_211.jpg,200,200,PASS,130.44,50.73,1971.67,3,100.0,61.84000015258789,0.652,patches,85,HIGH,REJECT,Large affected area | Large individual defect | Defect detected in center region
patches_213.jpg,200,200,PASS,62.47,34.22,710.98,3,27.020000457763672,15.960000038146973,0.726,patches,71,HIGH,REJECT,Large affected area | Large individual defect
patches_220.jpg,200,200,PASS,125.03,61.04,1658.42,6,100.0,59.31999969482422,0.41,patches,92,HIGH,REJECT,Large affected area | Large individual defect | Multiple defects detected | Defect detected in center region | 4 low-confidence detection(s)
patches_225.jpg,200,200,PASS,88.13,40.6,1065.29,2,19.450000762939453,18.760000228881836,0.543,patches,71,HIGH,REJECT,Large affected area | Large individual defect | Defect detected in center region | 1 low-confidence detection(s)
patches_226.jpg,200,200,PASS,68.62,30.24,793.77,2,21.3799991607666,10.720000267028809,0.804,patches,71,HIGH,REJECT,Large affected area | Large individual defect
patches_228.jpg,200,200,PASS,148.44,55.33,2310.29,9,100.0,41.72999954223633,0.433,patches,92,HIGH,REJECT,Large affected area | Large individual defect | Multiple defects detected | Defect detected in center region | 5 low-confidence detection(s)
patches_231.jpg,200,200,PASS,153.19,59.45,2084.7,10,84.0,29.540000915527344,0.488,patches,92,HIGH,REJECT,Large affected area | Large individual defect | Multiple defects detected | 3 low-confidence detection(s)
patches_241.jpg,200,200,PASS,213.55,56.2,2000.63,2,21.34000015258789,18.93000030517578,0.52,patches,78,HIGH,REJECT,Large affected area | Large individual defect | Defect detected in center region | 1 low-confidence detection(s)
patches_247.jpg,200,200,PASS,173.19,68.71,2041.16,5,100.0,48.45000076293945,0.463,patches,89,HIGH,REJECT,Large affected area | Large individual defect | Multiple defects detected | 2 low-confidence detection(s)
patches_248.jpg,200,200,PASS,179.81,65.6,1990.03,8,68.2300033569336,14.199999809265137,0.465,patches,89,HIGH,REJECT,Large affected area | Large individual defect | Multiple defects detected | 4 low-confidence detection(s)
patches_257.jpg,200,200,PASS,131.03,63.84,1812.74,6,62.11000061035156,23.770000457763672,0.516,patches,92,HIGH,REJECT,Large affected area | Large individual defect | Multiple defects detected | 2 low-confidence detection(s)
patches_258.jpg,200,200,PASS,106.44,43.74,1387.75,3,18.389999389648438,13.479999542236328,0.559,patches,77,HIGH,REJECT,Large affected area | Large individual defect | Defect detected in center region | 1 low-confidence detection(s)
patches_259.jpg,200,200,PASS,170.23,56.97,2115.36,4,37.22999954223633,21.34000015258789,0.502,patches,87,HIGH,REJECT,Large affected area | Large individual defect | 2 low-confidence detection(s)
patches_26.jpg,200,200,PASS,127.82,68.42,1487.05,8,100.0,40.84000015258789,0.541,patches,92,HIGH,REJECT,Large affected area | Large individual defect | Multiple defects detected | Defect detected in center region | 2 low-confidence detection(s)
patches_262.jpg,200,200,PASS,110.0,56.29,1544.21,3,31.93000030517578,19.450000762939453,0.726,patches,77,HIGH,REJECT,Large affected area | Large individual defect
patches_269.jpg,200,200,PASS,129.45,65.14,1840.87,8,91.94999694824219,23.239999771118164,0.471,patches,92,HIGH,REJECT,Large affected area | Large individual defect | Multiple defects detected | 5 low-confidence detection(s)
patches_279.jpg,200,200,PASS,116.26,43.2,1538.12,3,23.190000534057617,9.949999809265137,0.8,patches,70,HIGH,REJECT,Large affected area
patches_289.jpg,200,200,PASS,63.75,37.38,706.67,6,59.81999969482422,18.739999771118164,0.6,patches,89,HIGH,REJECT,Large affected area | Large individual defect | Multiple defects detected | Defect detected in center region | 1 low-confidence detection(s)
patches_295.jpg,200,200,PASS,146.28,70.36,1824.08,3,82.76000213623047,43.2599983215332,0.701,patches,80,HIGH,REJECT,Large affected area | Large individual defect
patches_299.jpg,200,200,PASS,52.24,38.16,614.96,3,59.439998626708984,31.34000015258789,0.868,patches,81,HIGH,REJECT,Large affected area | Large individual defect | Defect detected in center region
patches_300.jpg,200,200,PASS,92.03,44.93,1228.57,4,43.470001220703125,21.229999542236328,0.416,patches,89,HIGH,REJECT,Large affected area | Large individual defect | Defect detected in center region | 2 low-confidence detection(s)
patches_38.jpg,200,200,PASS,179.64,71.72,1810.32,3,43.400001525878906,32.13999938964844,0.616,patches,77,HIGH,REJECT,Large affected area | Large individual defect | 1 low-confidence detection(s)
patches_39.jpg,200,200,PASS,207.23,44.63,2343.03,1,4.139999866485596,4.139999866485596,0.896,patches,41,MEDIUM,INSPECT,Defect detected in center region
patches_46.jpg,200,200,PASS,140.79,71.88,1428.32,4,64.79000091552734,32.279998779296875,0.696,patches,89,HIGH,REJECT,Large affected area | Large individual defect | Defect detected in center region
patches_62.jpg,200,200,PASS,189.91,40.63,2582.47,1,7.21999979019165,7.21999979019165,0.834,patches,54,MEDIUM,INSPECT,Moderate affected area | Defect detected in center region
patches_67.jpg,200,200,PASS,160.5,49.11,2265.86,3,22.729999542236328,12.180000305175781,0.816,patches,77,HIGH,REJECT,Large affected area | Large individual defect
patches_68.jpg,200,200,PASS,151.0,42.51,1992.83,4,17.8700008392334,7.539999961853027,0.711,patches,73,HIGH,REJECT,Large affected area | 1 low-confidence detection(s)
patches_69.jpg,200,200,PASS,168.9,50.12,2350.35,3,21.200000762939453,8.119999885559082,0.651,patches,70,HIGH,REJECT,Large affected area | 1 low-confidence detection(s)
patches_7.jpg,200,200,PASS,85.5,63.11,1106.25,1,49.88999938964844,49.88999938964844,0.953,patches,71,HIGH,REJECT,Large affected area | Large individual defect | Defect detected in center region
patches_79.jpg,200,200,PASS,168.4,60.45,2398.56,3,30.079999923706055,21.149999618530273,0.779,patches,85,HIGH,REJECT,Large affected area | Large individual defect | Defect detected in center region
patches_83.jpg,200,200,PASS,133.94,53.82,1664.61,2,23.389999389648438,19.59000015258789,0.54,patches,78,HIGH,REJECT,Large affected area | Large individual defect | Defect detected in center region | 1 low-confidence detection(s)
patches_90.jpg,200,200,PASS,128.02,57.24,1629.61,4,56.439998626708984,28.770000457763672,0.618,patches,89,HIGH,REJECT,Large affected area | Large individual defect | Defect detected in center region
patches_97.jpg,200,200,REVIEW,35.6,17.56,306.68,2,17.649999618530273,13.369999885559082,0.772,patches,74,HIGH,REJECT,Large affected area | Large individual defect | Defect detected in center region | Image quality requires review
pitted_surface_105.jpg,200,200,REVIEW,168.55,17.81,325.68,1,99.95999908447266,99.95999908447266,0.899,pitted_surface,79,HIGH,REJECT,Large affected area | Large individual defect | Higher-risk defect type detected | Defect detected in center region | Image quality requires review
pitted_surface_115.jpg,200,200,REVIEW,242.4,12.33,210.14,1,99.93000030517578,99.93000030517578,0.901,pitted_surface,79,HIGH,REJECT,Large affected area | Large individual defect | Higher-risk defect type detected | Defect detected in center region | Image quality requires review
pitted_surface_116.jpg,200,200,PASS,215.6,22.24,212.67,1,98.80999755859375,98.80999755859375,0.936,pitted_surface,79,HIGH,REJECT,Large affected area | Large individual defect | Higher-risk defect type detected | Defect detected in center region
pitted_surface_120.jpg,200,200,REVIEW,229.5,26.48,282.95,2,100.0,68.4800033569336,0.821,pitted_surface,89,HIGH,REJECT,Large affected area | Large individual defect | Higher-risk defect type detected | Defect detected in center region | Image quality requires review
pitted_surface_124.jpg,200,200,PASS,157.97,32.9,83.57,1,97.27999877929688,97.27999877929688,0.636,pitted_surface,79,HIGH,REJECT,Large affected area | Large individual defect | Higher-risk defect type detected | Defect detected in center region
pitted_surface_125.jpg,200,200,PASS,185.03,35.92,82.27,2,100.0,87.56999969482422,0.426,pitted_surface,89,HIGH,REJECT,Large affected area | Large individual defect | Higher-risk defect type detected | Defect detected in center region | 1 low-confidence detection(s)
pitted_surface_127.jpg,200,200,REVIEW,76.41,22.12,32.45,3,100.0,89.4800033569336,0.538,pitted_surface,93,HIGH,REJECT,Large affected area | Large individual defect | Higher-risk defect type detected | Defect detected in center region | 1 low-confidence detection(s) | Image quality requires review
pitted_surface_134.jpg,200,200,REVIEW,241.43,11.82,201.59,1,92.37000274658203,92.37000274658203,0.559,pitted_surface,79,HIGH,REJECT,Large affected area | Large individual defect | Higher-risk defect type detected | Defect detected in center region | Image quality requires review
pitted_surface_135.jpg,200,200,PASS,185.88,29.01,205.77,2,94.1500015258789,50.40999984741211,0.809,pitted_surface,85,HIGH,REJECT,Large affected area | Large individual defect | Higher-risk defect type detected
pitted_surface_140.jpg,200,200,REVIEW,221.93,20.05,417.32,4,100.0,57.66999816894531,0.447,pitted_surface,97,HIGH,REJECT,Large affected area | Large individual defect | Higher-risk defect type detected | 2 low-confidence detection(s) | Image quality requires review
pitted_surface_141.jpg,200,200,REVIEW,215.49,13.99,298.93,1,99.97000122070312,99.97000122070312,0.92,pitted_surface,79,HIGH,REJECT,Large affected area | Large individual defect | Higher-risk defect type detected | Defect detected in center region | Image quality requires review
pitted_surface_15.jpg,200,200,REVIEW,224.06,15.24,333.71,1,99.97000122070312,99.97000122070312,0.92,pitted_surface,79,HIGH,REJECT,Large affected area | Large individual defect | Higher-risk defect type detected | Defect detected in center region | Image quality requires review
pitted_surface_151.jpg,200,200,PASS,127.38,28.48,81.82,2,100.0,99.63999938964844,0.673,pitted_surface,89,HIGH,REJECT,Large affected area | Large individual defect | Higher-risk defect type detected | Defect detected in center region
pitted_surface_160.jpg,200,200,PASS,218.66,33.35,308.18,5,100.0,99.91000366210938,0.63,patches,97,HIGH,REJECT,Large affected area | Large individual defect | Multiple defects detected | Higher-risk defect type detected | Defect detected in center region
pitted_surface_165.jpg,200,200,PASS,179.35,40.74,358.15,5,100.0,80.83000183105469,0.442,patches,97,HIGH,REJECT,Large affected area | Large individual defect | Multiple defects detected | Higher-risk defect type detected | Defect detected in center region | 2 low-confidence detection(s)
pitted_surface_176.jpg,200,200,PASS,213.16,33.33,265.2,1,99.76000213623047,99.76000213623047,0.752,pitted_surface,79,HIGH,REJECT,Large affected area | Large individual defect | Higher-risk defect type detected | Defect detected in center region
pitted_surface_184.jpg,200,200,REVIEW,223.78,17.88,411.54,1,99.98999786376953,99.98999786376953,0.87,pitted_surface,79,HIGH,REJECT,Large affected area | Large individual defect | Higher-risk defect type detected | Defect detected in center region | Image quality requires review
pitted_surface_185.jpg,200,200,PASS,218.83,22.64,581.94,2,100.0,99.56999969482422,0.545,pitted_surface,93,HIGH,REJECT,Large affected area | Large individual defect | Higher-risk defect type detected | Defect detected in center region | 1 low-confidence detection(s)
pitted_surface_186.jpg,200,200,REVIEW,215.86,19.68,231.5,2,100.0,98.05000305175781,0.649,pitted_surface,89,HIGH,REJECT,Large affected area | Large individual defect | Higher-risk defect type detected | Defect detected in center region | Image quality requires review
pitted_surface_19.jpg,200,200,PASS,186.22,25.78,478.69,2,97.95999908447266,65.51000213623047,0.891,pitted_surface,85,HIGH,REJECT,Large affected area | Large individual defect | Higher-risk defect type detected
pitted_surface_199.jpg,200,200,REVIEW,55.28,22.11,15.55,1,53.560001373291016,53.560001373291016,0.831,pitted_surface,79,HIGH,REJECT,Large affected area | Large individual defect | Higher-risk defect type detected | Defect detected in center region | Image quality requires review
pitted_surface_209.jpg,200,200,REVIEW,245.65,15.09,174.03,2,82.5199966430664,79.7699966430664,0.789,pitted_surface,86,HIGH,REJECT,Large affected area | Large individual defect | Higher-risk defect type detected | Defect detected in center region | Image quality requires review
pitted_surface_211.jpg,200,200,PASS,173.33,42.6,74.33,2,66.01000213623047,64.55000305175781,0.367,pitted_surface,86,HIGH,REJECT,Large affected area | Large individual defect | Higher-risk defect type detected | Defect detected in center region | 1 low-confidence detection(s)
pitted_surface_22.jpg,200,200,PASS,197.39,24.48,248.54,1,99.70999908447266,99.70999908447266,0.895,pitted_surface,79,HIGH,REJECT,Large affected area | Large individual defect | Higher-risk defect type detected | Defect detected in center region
pitted_surface_224.jpg,200,200,REVIEW,84.98,29.37,45.85,1,99.41000366210938,99.41000366210938,0.868,pitted_surface,79,HIGH,REJECT,Large affected area | Large individual defect | Higher-risk defect type detected | Defect detected in center region | Image quality requires review
pitted_surface_228.jpg,200,200,PASS,168.73,41.39,176.03,1,98.97000122070312,98.97000122070312,0.865,pitted_surface,79,HIGH,REJECT,Large affected area | Large individual defect | Higher-risk defect type detected | Defect detected in center region
pitted_surface_236.jpg,200,200,PASS,158.16,33.43,168.55,1,85.19000244140625,85.19000244140625,0.785,pitted_surface,79,HIGH,REJECT,Large affected area | Large individual defect | Higher-risk defect type detected | Defect detected in center region
pitted_surface_242.jpg,200,200,PASS,199.28,27.41,435.41,1,99.87999725341797,99.87999725341797,0.805,pitted_surface,79,HIGH,REJECT,Large affected area | Large individual defect | Higher-risk defect type detected | Defect detected in center region
pitted_surface_261.jpg,200,200,PASS,211.34,35.75,473.0,3,100.0,72.11000061035156,0.55,pitted_surface,93,HIGH,REJECT,Large affected area | Large individual defect | Higher-risk defect type detected | Defect detected in center region | 1 low-confidence detection(s)
pitted_surface_264.jpg,200,200,PASS,136.65,32.6,153.4,1,99.73999786376953,99.73999786376953,0.858,pitted_surface,79,HIGH,REJECT,Large affected area | Large individual defect | Higher-risk defect type detected | Defect detected in center region
pitted_surface_267.jpg,200,200,PASS,138.27,37.76,121.08,1,99.29000091552734,99.29000091552734,0.81,pitted_surface,79,HIGH,REJECT,Large affected area | Large individual defect | Higher-risk defect type detected | Defect detected in center region
pitted_surface_270.jpg,200,200,PASS,217.41,24.67,769.59,1,99.88999938964844,99.88999938964844,0.832,pitted_surface,79,HIGH,REJECT,Large affected area | Large individual defect | Higher-risk defect type detected | Defect detected in center region
pitted_surface_273.jpg,200,200,PASS,128.92,33.5,121.66,1,99.36000061035156,99.36000061035156,0.693,pitted_surface,79,HIGH,REJECT,Large affected area | Large individual defect | Higher-risk defect type detected | Defect detected in center region
pitted_surface_278.jpg,200,200,REVIEW,220.07,21.77,272.11,3,100.0,80.26000213623047,0.224,pitted_surface,93,HIGH,REJECT,Large affected area | Large individual defect | Higher-risk defect type detected | Defect detected in center region | 3 low-confidence detection(s) | Image quality requires review
pitted_surface_279.jpg,200,200,REVIEW,87.15,24.62,34.74,4,100.0,78.91999816894531,0.328,pitted_surface,97,HIGH,REJECT,Large affected area | Large individual defect | Higher-risk defect type detected | Defect detected in center region | 3 low-confidence detection(s) | Image quality requires review
pitted_surface_282.jpg,200,200,REVIEW,95.51,20.12,38.65,3,100.0,99.62999725341797,0.332,pitted_surface,93,HIGH,REJECT,Large affected area | Large individual defect | Higher-risk defect type detected | Defect detected in center region | 2 low-confidence detection(s) | Image quality requires review
pitted_surface_283.jpg,200,200,REVIEW,226.16,25.09,175.24,2,100.0,99.62999725341797,0.5,pitted_surface,86,HIGH,REJECT,Large affected area | Large individual defect | Higher-risk defect type detected | Defect detected in center region | 1 low-confidence detection(s) | Image quality requires review
pitted_surface_286.jpg,200,200,REVIEW,224.19,22.82,397.14,1,99.91000366210938,99.91000366210938,0.903,pitted_surface,79,HIGH,REJECT,Large affected area | Large individual defect | Higher-risk defect type detected | Defect detected in center region | Image quality requires review
pitted_surface_289.jpg,200,200,PASS,195.3,35.13,154.12,1,97.95999908447266,97.95999908447266,0.736,pitted_surface,79,HIGH,REJECT,Large affected area | Large individual defect | Higher-risk defect type detected | Defect detected in center region
pitted_surface_294.jpg,200,200,PASS,116.65,34.49,74.2,4,100.0,85.68000030517578,0.353,pitted_surface,97,HIGH,REJECT,Large affected area | Large individual defect | Higher-risk defect type detected | Defect detected in center region | 2 low-confidence detection(s)
pitted_surface_31.jpg,200,200,REVIEW,224.49,14.97,509.96,1,99.97000122070312,99.97000122070312,0.907,pitted_surface,79,HIGH,REJECT,Large affected area | Large individual defect | Higher-risk defect type detected | Defect detected in center region | Image quality requires review
pitted_surface_33.jpg,200,200,PASS,202.84,23.99,816.0,1,99.12999725341797,99.12999725341797,0.872,pitted_surface,79,HIGH,REJECT,Large affected area | Large individual defect | Higher-risk defect type detected | Defect detected in center region
pitted_surface_36.jpg,200,200,PASS,180.44,28.79,173.05,1,99.9800033569336,99.9800033569336,0.851,pitted_surface,79,HIGH,REJECT,Large affected area | Large individual defect | Higher-risk defect type detected | Defect detected in center region
pitted_surface_39.jpg,200,200,REVIEW,223.63,15.56,724.34,1,100.0,100.0,0.913,pitted_surface,79,HIGH,REJECT,Large affected area | Large individual defect | Higher-risk defect type detected | Defect detected in center region | Image quality requires review
pitted_surface_4.jpg,200,200,PASS,107.73,26.26,50.6,4,100.0,82.63999938964844,0.398,pitted_surface,97,HIGH,REJECT,Large affected area | Large individual defect | Higher-risk defect type detected | Defect detected in center region | 3 low-confidence detection(s)
pitted_surface_43.jpg,200,200,PASS,155.82,36.89,118.63,1,99.9000015258789,99.9000015258789,0.853,pitted_surface,79,HIGH,REJECT,Large affected area | Large individual defect | Higher-risk defect type detected | Defect detected in center region
pitted_surface_45.jpg,200,200,PASS,160.91,31.42,192.76,1,100.0,100.0,0.911,pitted_surface,79,HIGH,REJECT,Large affected area | Large individual defect | Higher-risk defect type detected | Defect detected in center region
pitted_surface_53.jpg,200,200,REVIEW,225.15,18.78,164.34,3,100.0,99.94999694824219,0.419,pitted_surface,93,HIGH,REJECT,Large affected area | Large individual defect | Higher-risk defect type detected | Defect detected in center region | 2 low-confidence detection(s) | Image quality requires review
pitted_surface_64.jpg,200,200,PASS,191.49,28.07,174.82,1,99.98999786376953,99.98999786376953,0.899,pitted_surface,79,HIGH,REJECT,Large affected area | Large individual defect | Higher-risk defect type detected | Defect detected in center region
pitted_surface_71.jpg,200,200,PASS,133.57,35.16,52.65,1,82.33999633789062,82.33999633789062,0.801,pitted_surface,79,HIGH,REJECT,Large affected area | Large individual defect | Higher-risk defect type detected | Defect detected in center region
pitted_surface_81.jpg,200,200,PASS,112.6,29.65,69.06,1,100.0,100.0,0.817,pitted_surface,79,HIGH,REJECT,Large affected area | Large individual defect | Higher-risk defect type detected | Defect detected in center region
pitted_surface_83.jpg,200,200,PASS,184.91,34.79,219.11,2,95.4000015258789,49.150001525878906,0.87,pitted_surface,85,HIGH,REJECT,Large affected area | Large individual defect | Higher-risk defect type detected
pitted_surface_87.jpg,200,200,REVIEW,106.22,19.71,27.39,1,28.93000030517578,28.93000030517578,0.773,pitted_surface,75,HIGH,REJECT,Large affected area | Large individual defect | Higher-risk defect type detected | Image quality requires review
pitted_surface_95.jpg,200,200,PASS,212.96,27.54,133.69,1,99.97000122070312,99.97000122070312,0.827,pitted_surface,79,HIGH,REJECT,Large affected area | Large individual defect | Higher-risk defect type detected | Defect detected in center region
pitted_surface_97.jpg,200,200,PASS,105.88,25.88,68.18,1,99.73999786376953,99.73999786376953,0.766,pitted_surface,79,HIGH,REJECT,Large affected area | Large individual defect | Higher-risk defect type detected | Defect detected in center region
rolled-in_scale_102.jpg,200,200,REVIEW,112.93,15.52,484.28,4,22.3799991607666,13.010000228881836,0.224,rolled-in_scale,94,HIGH,REJECT,Large affected area | Large individual defect | Higher-risk defect type detected | Defect detected in center region | 4 low-confidence detection(s) | Image quality requires review
rolled-in_scale_103.jpg,200,200,REVIEW,111.72,15.98,483.05,2,25.299999237060547,23.639999389648438,0.437,rolled-in_scale,85,HIGH,REJECT,Large affected area | Large individual defect | Higher-risk defect type detected | 1 low-confidence detection(s) | Image quality requires review
rolled-in_scale_104.jpg,200,200,REVIEW,112.26,15.49,506.45,1,23.770000457763672,23.770000457763672,0.638,rolled-in_scale,79,HIGH,REJECT,Large affected area | Large individual defect | Higher-risk defect type detected | Defect detected in center region | Image quality requires review
rolled-in_scale_107.jpg,200,200,REVIEW,113.31,14.54,546.03,2,29.81999969482422,15.319999694824219,0.282,rolled-in_scale,76,HIGH,REJECT,Large affected area | Large individual defect | Higher-risk defect type detected | 2 low-confidence detection(s) | Image quality requires review
rolled-in_scale_117.jpg,200,200,REVIEW,118.42,16.9,705.44,1,11.130000114440918,11.130000114440918,0.36,rolled-in_scale,65,HIGH,REJECT,Large affected area | Large individual defect | Higher-risk defect type detected | 1 low-confidence detection(s) | Image quality requires review
rolled-in_scale_118.jpg,200,200,REVIEW,121.33,17.64,618.71,5,43.84000015258789,17.350000381469727,0.43,rolled-in_scale,94,HIGH,REJECT,Large affected area | Large individual defect | Multiple defects detected | Higher-risk defect type detected | Defect detected in center region | 2 low-confidence detection(s) | Image quality requires review
rolled-in_scale_122.jpg,200,200,REVIEW,127.76,14.53,689.36,4,36.13999938964844,14.770000457763672,0.336,rolled-in_scale,94,HIGH,REJECT,Large affected area | Large individual defect | Higher-risk defect type detected | 2 low-confidence detection(s) | Image quality requires review
rolled-in_scale_128.jpg,200,200,PASS,137.78,22.47,974.44,2,28.389999389648438,20.530000686645508,0.233,rolled-in_scale,89,HIGH,REJECT,Large affected area | Large individual defect | Higher-risk defect type detected | Defect detected in center region | 2 low-confidence detection(s)
rolled-in_scale_131.jpg,200,200,REVIEW,132.24,17.05,795.76,7,100.0,38.83000183105469,0.265,rolled-in_scale,100,HIGH,REJECT,Large affected area | Large individual defect | Multiple defects detected | Higher-risk defect type detected | Defect detected in center region | 7 low-confidence detection(s) | Image quality requires review
rolled-in_scale_137.jpg,200,200,REVIEW,132.13,18.61,780.21,1,3.9600000381469727,3.9600000381469727,0.469,rolled-in_scale,49,MEDIUM,INSPECT,Higher-risk defect type detected | Defect detected in center region | Image quality requires review
rolled-in_scale_141.jpg,200,200,REVIEW,137.18,17.05,866.9,4,70.41000366210938,31.110000610351562,0.332,rolled-in_scale,97,HIGH,REJECT,Large affected area | Large individual defect | Higher-risk defect type detected | Defect detected in center region | 3 low-confidence detection(s) | Image quality requires review
rolled-in_scale_159.jpg,200,200,REVIEW,137.7,18.63,865.35,2,23.360000610351562,13.319999694824219,0.326,rolled-in_scale,82,HIGH,REJECT,Large affected area | Large individual defect | Higher-risk defect type detected | 1 low-confidence detection(s) | Image quality requires review
rolled-in_scale_171.jpg,200,200,REVIEW,135.86,19.86,896.44,3,76.62000274658203,32.09000015258789,0.386,rolled-in_scale,93,HIGH,REJECT,Large affected area | Large individual defect | Higher-risk defect type detected | Defect detected in center region | 1 low-confidence detection(s) | Image quality requires review
rolled-in_scale_176.jpg,200,200,REVIEW,138.77,17.72,923.24,2,17.360000610351562,11.270000457763672,0.388,rolled-in_scale,78,HIGH,REJECT,Large affected area | Large individual defect | Higher-risk defect type detected | 1 low-confidence detection(s) | Image quality requires review
rolled-in_scale_178.jpg,200,200,REVIEW,139.21,18.17,978.48,5,72.04000091552734,31.889999389648438,0.476,rolled-in_scale,97,HIGH,REJECT,Large affected area | Large individual defect | Multiple defects detected | Higher-risk defect type detected | 2 low-confidence detection(s) | Image quality requires review
rolled-in_scale_182.jpg,200,200,REVIEW,135.91,18.08,853.94,3,58.5099983215332,30.540000915527344,0.237,rolled-in_scale,92,HIGH,REJECT,Large affected area | Large individual defect | Higher-risk defect type detected | Defect detected in center region | 3 low-confidence detection(s) | Image quality requires review
rolled-in_scale_19.jpg,200,200,REVIEW,143.23,17.65,786.78,3,50.2599983215332,20.690000534057617,0.323,rolled-in_scale,85,HIGH,REJECT,Large affected area | Large individual defect | Higher-risk defect type detected | 3 low-confidence detection(s) | Image quality requires review
rolled-in_scale_190.jpg,200,200,REVIEW,116.68,12.84,691.99,8,79.02999877929688,20.979999542236328,0.329,rolled-in_scale,100,HIGH,REJECT,Large affected area | Large individual defect | Multiple defects detected | Higher-risk defect type detected | 6 low-confidence detection(s) | Image quality requires review
rolled-in_scale_197.jpg,200,200,REVIEW,117.56,14.6,639.89,5,33.130001068115234,13.880000114440918,0.588,rolled-in_scale,94,HIGH,REJECT,Large affected area | Large individual defect | Multiple defects detected | Higher-risk defect type detected | Image quality requires review
rolled-in_scale_198.jpg,200,200,REVIEW,118.16,15.85,696.67,4,55.40999984741211,20.190000534057617,0.402,rolled-in_scale,97,HIGH,REJECT,Large affected area | Large individual defect | Higher-risk defect type detected | 2 low-confidence detection(s) | Image quality requires review
rolled-in_scale_199.jpg,200,200,REVIEW,120.8,14.37,720.76,6,100.0,33.5,0.317,rolled-in_scale,100,HIGH,REJECT,Large affected area | Large individual defect | Multiple defects detected | Higher-risk defect type detected | 5 low-confidence detection(s) | Image quality requires review
rolled-in_scale_20.jpg,200,200,REVIEW,136.35,15.5,671.07,4,53.2400016784668,32.470001220703125,0.263,rolled-in_scale,92,HIGH,REJECT,Large affected area | Large individual defect | Higher-risk defect type detected | 3 low-confidence detection(s) | Image quality requires review
rolled-in_scale_203.jpg,200,200,REVIEW,117.73,14.03,672.51,5,26.860000610351562,8.289999961853027,0.353,rolled-in_scale,90,HIGH,REJECT,Large affected area | Multiple defects detected | Higher-risk defect type detected | Defect detected in center region | 4 low-confidence detection(s) | Image quality requires review
rolled-in_scale_21.jpg,200,200,REVIEW,137.53,15.21,664.01,2,30.280000686645508,20.979999542236328,0.605,rolled-in_scale,85,HIGH,REJECT,Large affected area | Large individual defect | Higher-risk defect type detected | Image quality requires review
rolled-in_scale_213.jpg,200,200,REVIEW,113.57,13.96,686.72,2,67.41999816894531,35.650001525878906,0.357,rolled-in_scale,85,HIGH,REJECT,Large affected area | Large individual defect | Higher-risk defect type detected | 1 low-confidence detection(s) | Image quality requires review
rolled-in_scale_216.jpg,200,200,REVIEW,116.87,15.61,710.64,4,28.270000457763672,11.710000038146973,0.272,rolled-in_scale,94,HIGH,REJECT,Large affected area | Large individual defect | Higher-risk defect type detected | Defect detected in center region | 3 low-confidence detection(s) | Image quality requires review
rolled-in_scale_220.jpg,200,200,REVIEW,75.79,11.3,373.33,1,31.239999771118164,31.239999771118164,0.348,rolled-in_scale,75,HIGH,REJECT,Large affected area | Large individual defect | Higher-risk defect type detected | 1 low-confidence detection(s) | Image quality requires review
rolled-in_scale_223.jpg,200,200,REVIEW,79.5,11.7,432.8,1,9.850000381469727,9.850000381469727,0.341,rolled-in_scale,58,MEDIUM,INSPECT,Moderate affected area | Higher-risk defect type detected | 1 low-confidence detection(s) | Image quality requires review
rolled-in_scale_227.jpg,200,200,REVIEW,80.29,13.34,428.67,5,100.0,45.400001525878906,0.392,rolled-in_scale,97,HIGH,REJECT,Large affected area | Large individual defect | Multiple defects detected | Higher-risk defect type detected | Defect detected in center region | 3 low-confidence detection(s) | Image quality requires review
rolled-in_scale_233.jpg,200,200,REVIEW,75.2,10.63,376.45,1,10.1899995803833,10.1899995803833,0.202,rolled-in_scale,65,HIGH,REJECT,Large affected area | Large individual defect | Higher-risk defect type detected | 1 low-confidence detection(s) | Image quality requires review
rolled-in_scale_235.jpg,200,200,REVIEW,87.39,15.44,486.42,2,18.3799991607666,12.75,0.277,rolled-in_scale,78,HIGH,REJECT,Large affected area | Large individual defect | Higher-risk defect type detected | 2 low-confidence detection(s) | Image quality requires review
rolled-in_scale_238.jpg,200,200,REVIEW,77.38,12.22,417.25,2,64.19000244140625,40.7599983215332,0.218,rolled-in_scale,89,HIGH,REJECT,Large affected area | Large individual defect | Higher-risk defect type detected | Defect detected in center region | 2 low-confidence detection(s) | Image quality requires review
rolled-in_scale_239.jpg,200,200,REVIEW,74.83,10.39,368.68,3,24.139999389648438,12.760000228881836,0.164,rolled-in_scale,90,HIGH,REJECT,Large affected area | Large individual defect | Higher-risk defect type detected | Defect detected in center region | 3 low-confidence detection(s) | Image quality requires review
rolled-in_scale_252.jpg,200,200,REVIEW,69.53,9.59,327.87,0,0.0,0.0,0.0,None,0,LOW,INSPECT,No defects detected. | Image quality requires review
rolled-in_scale_254.jpg,200,200,REVIEW,72.13,9.29,335.58,1,29.18000030517578,29.18000030517578,0.257,rolled-in_scale,79,HIGH,REJECT,Large affected area | Large individual defect | Higher-risk defect type detected | Defect detected in center region | 1 low-confidence detection(s) | Image quality requires review
rolled-in_scale_257.jpg,200,200,REVIEW,85.58,14.7,448.92,4,63.15999984741211,30.350000381469727,0.372,rolled-in_scale,95,HIGH,REJECT,Large affected area | Large individual defect | Higher-risk defect type detected | 3 low-confidence detection(s) | Image quality requires review
rolled-in_scale_260.jpg,200,200,REVIEW,84.59,13.46,427.15,2,46.060001373291016,32.619998931884766,0.254,rolled-in_scale,86,HIGH,REJECT,Large affected area | Large individual defect | Higher-risk defect type detected | Defect detected in center region | 2 low-confidence detection(s) | Image quality requires review
rolled-in_scale_266.jpg,200,200,REVIEW,86.46,11.92,446.46,5,55.349998474121094,20.0,0.184,rolled-in_scale,95,HIGH,REJECT,Large affected area | Large individual defect | Multiple defects detected | Higher-risk defect type detected | 5 low-confidence detection(s) | Image quality requires review
rolled-in_scale_273.jpg,200,200,REVIEW,91.74,16.12,539.69,2,85.16000366210938,50.439998626708984,0.204,rolled-in_scale,89,HIGH,REJECT,Large affected area | Large individual defect | Higher-risk defect type detected | Defect detected in center region | 2 low-confidence detection(s) | Image quality requires review
rolled-in_scale_276.jpg,200,200,REVIEW,84.26,12.98,428.28,5,32.41999816894531,9.130000114440918,0.259,rolled-in_scale,90,HIGH,REJECT,Large affected area | Multiple defects detected | Higher-risk defect type detected | 5 low-confidence detection(s) | Image quality requires review
rolled-in_scale_279.jpg,200,200,REVIEW,84.42,12.77,412.9,4,69.19000244140625,32.58000183105469,0.222,rolled-in_scale,97,HIGH,REJECT,Large affected area | Large individual defect | Higher-risk defect type detected | Defect detected in center region | 4 low-confidence detection(s) | Image quality requires review
rolled-in_scale_281.jpg,200,200,REVIEW,88.77,11.33,460.6,4,59.9900016784668,29.889999389648438,0.34,rolled-in_scale,97,HIGH,REJECT,Large affected area | Large individual defect | Higher-risk defect type detected | Defect detected in center region | 2 low-confidence detection(s) | Image quality requires review
rolled-in_scale_288.jpg,200,200,REVIEW,91.94,13.23,546.85,4,100.0,54.61000061035156,0.339,rolled-in_scale,97,HIGH,REJECT,Large affected area | Large individual defect | Higher-risk defect type detected | Defect detected in center region | 2 low-confidence detection(s) | Image quality requires review
rolled-in_scale_290.jpg,200,200,REVIEW,93.49,13.58,544.08,2,49.84000015258789,25.309999465942383,0.284,rolled-in_scale,82,HIGH,REJECT,Large affected area | Large individual defect | Higher-risk defect type detected | 2 low-confidence detection(s) | Image quality requires review
rolled-in_scale_32.jpg,200,200,REVIEW,130.08,12.04,589.49,1,5.349999904632568,5.349999904632568,0.151,rolled-in_scale,62,HIGH,REJECT,Moderate affected area | Higher-risk defect type detected | Defect detected in center region | 1 low-confidence detection(s) | Image quality requires review
rolled-in_scale_35.jpg,200,200,REVIEW,130.14,17.26,592.56,5,35.209999084472656,13.069999694824219,0.256,rolled-in_scale,89,HIGH,REJECT,Large affected area | Large individual defect | Multiple defects detected | Higher-risk defect type detected | 5 low-confidence detection(s) | Image quality requires review
rolled-in_scale_41.jpg,200,200,REVIEW,126.57,18.3,573.31,5,66.58000183105469,25.649999618530273,0.433,rolled-in_scale,97,HIGH,REJECT,Large affected area | Large individual defect | Multiple defects detected | Higher-risk defect type detected | 2 low-confidence detection(s) | Image quality requires review
rolled-in_scale_42.jpg,200,200,REVIEW,130.77,17.9,628.79,5,71.51000213623047,24.899999618530273,0.335,rolled-in_scale,97,HIGH,REJECT,Large affected area | Large individual defect | Multiple defects detected | Higher-risk defect type detected | Defect detected in center region | 3 low-confidence detection(s) | Image quality requires review
rolled-in_scale_47.jpg,200,200,REVIEW,134.28,17.17,692.29,3,50.369998931884766,23.979999542236328,0.424,rolled-in_scale,93,HIGH,REJECT,Large affected area | Large individual defect | Higher-risk defect type detected | Defect detected in center region | 1 low-confidence detection(s) | Image quality requires review
rolled-in_scale_53.jpg,200,200,REVIEW,122.29,19.92,586.3,3,54.20000076293945,24.719999313354492,0.388,rolled-in_scale,88,HIGH,REJECT,Large affected area | Large individual defect | Higher-risk defect type detected | 1 low-confidence detection(s) | Image quality requires review
rolled-in_scale_63.jpg,200,200,PASS,152.19,20.35,1118.7,5,32.790000915527344,10.34000015258789,0.219,rolled-in_scale,94,HIGH,REJECT,Large affected area | Large individual defect | Multiple defects detected | Higher-risk defect type detected | Defect detected in center region | 5 low-confidence detection(s)
rolled-in_scale_69.jpg,200,200,REVIEW,125.66,16.49,626.06,2,46.77000045776367,27.889999389648438,0.461,rolled-in_scale,85,HIGH,REJECT,Large affected area | Large individual defect | Higher-risk defect type detected | 1 low-confidence detection(s) | Image quality requires review
rolled-in_scale_72.jpg,200,200,REVIEW,132.85,17.68,709.28,4,43.02000045776367,22.149999618530273,0.344,rolled-in_scale,92,HIGH,REJECT,Large affected area | Large individual defect | Higher-risk defect type detected | 3 low-confidence detection(s) | Image quality requires review
rolled-in_scale_75.jpg,200,200,REVIEW,127.23,16.32,650.36,3,37.61000061035156,17.1299991607666,0.334,rolled-in_scale,90,HIGH,REJECT,Large affected area | Large individual defect | Higher-risk defect type detected | Defect detected in center region | 2 low-confidence detection(s) | Image quality requires review
rolled-in_scale_78.jpg,200,200,PASS,151.07,24.56,1107.8,3,50.459999084472656,22.56999969482422,0.45,rolled-in_scale,91,HIGH,REJECT,Large affected area | Large individual defect | Higher-risk defect type detected | 1 low-confidence detection(s)
rolled-in_scale_8.jpg,200,200,REVIEW,130.95,16.62,573.83,5,100.0,33.27000045776367,0.247,rolled-in_scale,97,HIGH,REJECT,Large affected area | Large individual defect | Multiple defects detected | Higher-risk defect type detected | 4 low-confidence detection(s) | Image quality requires review
rolled-in_scale_82.jpg,200,200,PASS,149.96,24.61,1122.82,3,80.05999755859375,40.08000183105469,0.258,rolled-in_scale,93,HIGH,REJECT,Large affected area | Large individual defect | Higher-risk defect type detected | Defect detected in center region | 3 low-confidence detection(s)
rolled-in_scale_91.jpg,200,200,REVIEW,124.48,18.51,645.84,4,46.95000076293945,21.690000534057617,0.388,rolled-in_scale,95,HIGH,REJECT,Large affected area | Large individual defect | Higher-risk defect type detected | 3 low-confidence detection(s) | Image quality requires review
rolled-in_scale_93.jpg,200,200,PASS,146.16,25.22,1027.32,2,25.049999237060547,22.81999969482422,0.333,rolled-in_scale,89,HIGH,REJECT,Large affected area | Large individual defect | Higher-risk defect type detected | Defect detected in center region | 1 low-confidence detection(s)
rolled-in_scale_94.jpg,200,200,PASS,152.04,27.18,1115.11,3,57.029998779296875,29.760000228881836,0.314,rolled-in_scale,93,HIGH,REJECT,Large affected area | Large individual defect | Higher-risk defect type detected | Defect detected in center region | 2 low-confidence detection(s)
rolled-in_scale_98.jpg,200,200,PASS,125.61,20.66,731.63,6,82.9800033569336,29.18000030517578,0.238,rolled-in_scale,100,HIGH,REJECT,Large affected area | Large individual defect | Multiple defects detected | Higher-risk defect type detected | 6 low-confidence detection(s)
scratches_106.jpg,200,200,PASS,99.59,24.83,88.33,2,27.770000457763672,15.880000114440918,0.55,scratches,74,HIGH,REJECT,Large affected area | Large individual defect | 1 low-confidence detection(s)
scratches_107.jpg,200,200,PASS,86.21,32.76,68.14,1,15.539999961853027,15.539999961853027,0.982,scratches,60,MEDIUM,INSPECT,Large affected area | Large individual defect
scratches_110.jpg,200,200,PASS,100.48,37.75,70.28,7,52.189998626708984,24.31999969482422,0.39,inclusion,92,HIGH,REJECT,Large affected area | Large individual defect | Multiple defects detected | 5 low-confidence detection(s)
scratches_113.jpg,200,200,PASS,123.07,40.16,91.1,3,45.38999938964844,21.860000610351562,0.645,scratches,85,HIGH,REJECT,Large affected area | Large individual defect | Defect detected in center region
scratches_115.jpg,200,200,PASS,125.65,41.83,99.7,3,25.81999969482422,14.0600004196167,0.559,scratches,77,HIGH,REJECT,Large affected area | Large individual defect | 1 low-confidence detection(s)
scratches_117.jpg,200,200,PASS,137.88,35.8,116.46,3,29.139999389648438,13.729999542236328,0.713,scratches,82,HIGH,REJECT,Large affected area | Large individual defect | Defect detected in center region
scratches_119.jpg,200,200,PASS,133.37,35.19,115.6,2,21.56999969482422,14.039999961853027,0.695,scratches,82,HIGH,REJECT,Large affected area | Large individual defect | Defect detected in center region
scratches_121.jpg,200,200,PASS,118.3,38.61,78.37,7,50.4900016784668,15.609999656677246,0.404,scratches,89,HIGH,REJECT,Large affected area | Large individual defect | Multiple defects detected | 5 low-confidence detection(s)
scratches_125.jpg,200,200,REVIEW,64.4,19.9,18.53,5,100.0,49.630001068115234,0.21,scratches,89,HIGH,REJECT,Large affected area | Large individual defect | Multiple defects detected | Defect detected in center region | 5 low-confidence detection(s) | Image quality requires review
scratches_126.jpg,200,200,REVIEW,38.13,12.13,10.15,5,100.0,63.220001220703125,0.425,scratches,89,HIGH,REJECT,Large affected area | Large individual defect | Multiple defects detected | Defect detected in center region | 3 low-confidence detection(s) | Image quality requires review
scratches_129.jpg,200,200,REVIEW,68.4,23.99,25.56,1,11.380000114440918,11.380000114440918,0.854,scratches,64,HIGH,REJECT,Large affected area | Large individual defect | Defect detected in center region | Image quality requires review
scratches_132.jpg,200,200,REVIEW,54.27,17.45,16.55,2,43.880001068115234,39.58000183105469,0.575,scratches,77,HIGH,REJECT,Large affected area | Large individual defect | Image quality requires review
scratches_140.jpg,200,200,PASS,138.16,46.64,106.16,6,43.310001373291016,22.639999389648438,0.436,inclusion,92,HIGH,REJECT,Large affected area | Large individual defect | Multiple defects detected | Defect detected in center region | 5 low-confidence detection(s)
scratches_141.jpg,200,200,PASS,144.2,44.32,119.99,9,54.849998474121094,24.479999542236328,0.398,inclusion,92,HIGH,REJECT,Large affected area | Large individual defect | Multiple defects detected | Defect detected in center region | 5 low-confidence detection(s)
scratches_148.jpg,200,200,PASS,116.09,31.92,89.22,2,21.1299991607666,14.550000190734863,0.729,scratches,74,HIGH,REJECT,Large affected area | Large individual defect
scratches_150.jpg,200,200,REVIEW,51.48,12.79,14.17,1,9.770000457763672,9.770000457763672,0.726,scratches,50,MEDIUM,INSPECT,Moderate affected area | Image quality requires review
scratches_152.jpg,200,200,PASS,72.41,20.62,63.64,3,20.790000915527344,13.729999542236328,0.496,scratches,80,HIGH,REJECT,Large affected area | Large individual defect | 2 low-confidence detection(s)
scratches_153.jpg,200,200,REVIEW,80.63,15.64,79.73,5,24.030000686645508,8.479999542236328,0.403,scratches,82,HIGH,REJECT,Large affected area | Multiple defects detected | Defect detected in center region | 2 low-confidence detection(s) | Image quality requires review
scratches_154.jpg,200,200,REVIEW,92.56,19.58,119.22,3,17.479999542236328,8.430000305175781,0.664,scratches,69,HIGH,REJECT,Large affected area | Image quality requires review
scratches_156.jpg,200,200,PASS,83.68,24.17,109.64,3,34.369998931884766,17.31999969482422,0.561,scratches,82,HIGH,REJECT,Large affected area | Large individual defect | Defect detected in center region | 1 low-confidence detection(s)
scratches_160.jpg,200,200,PASS,94.31,26.93,200.49,9,86.44999694824219,18.489999771118164,0.459,scratches,89,HIGH,REJECT,Large affected area | Large individual defect | Multiple defects detected | Defect detected in center region | 4 low-confidence detection(s)
scratches_165.jpg,200,200,PASS,90.91,23.6,111.76,2,28.579999923706055,18.850000381469727,0.8,scratches,82,HIGH,REJECT,Large affected area | Large individual defect | Defect detected in center region
scratches_166.jpg,200,200,PASS,92.35,27.34,131.36,5,40.88999938964844,19.90999984741211,0.547,scratches,86,HIGH,REJECT,Large affected area | Large individual defect | Multiple defects detected | Defect detected in center region | 2 low-confidence detection(s)
scratches_174.jpg,200,200,PASS,77.62,21.05,55.94,4,32.88999938964844,9.170000076293945,0.582,scratches,82,HIGH,REJECT,Large affected area | Defect detected in center region | 1 low-confidence detection(s)
scratches_18.jpg,200,200,REVIEW,108.12,13.74,53.2,2,11.140000343322754,6.25,0.314,scratches,66,HIGH,REJECT,Large affected area | 2 low-confidence detection(s) | Image quality requires review
scratches_182.jpg,200,200,PASS,80.3,34.68,118.75,1,15.449999809265137,15.449999809265137,0.811,scratches,64,HIGH,REJECT,Large affected area | Large individual defect | Defect detected in center region
scratches_184.jpg,200,200,REVIEW,66.84,25.33,48.61,1,14.569999694824219,14.569999694824219,0.802,scratches,60,MEDIUM,INSPECT,Large affected area | Large individual defect | Image quality requires review
scratches_193.jpg,200,200,REVIEW,66.02,11.7,53.47,4,23.84000015258789,7.96999979019165,0.335,scratches,82,HIGH,REJECT,Large affected area | Defect detected in center region | 3 low-confidence detection(s) | Image quality requires review
scratches_209.jpg,200,200,REVIEW,66.84,13.61,45.55,2,14.779999732971191,9.800000190734863,0.674,scratches,70,HIGH,REJECT,Large affected area | Defect detected in center region | Image quality requires review
scratches_222.jpg,200,200,REVIEW,57.6,9.81,32.06,5,52.79999923706055,28.639999389648438,0.524,scratches,89,HIGH,REJECT,Large affected area | Large individual defect | Multiple defects detected | Defect detected in center region | 1 low-confidence detection(s) | Image quality requires review
scratches_223.jpg,200,200,REVIEW,63.59,10.28,45.89,2,9.470000267028809,5.800000190734863,0.68,scratches,57,MEDIUM,INSPECT,Moderate affected area | Image quality requires review
scratches_227.jpg,200,200,REVIEW,81.38,15.67,120.24,2,16.93000030517578,11.399999618530273,0.618,scratches,74,HIGH,REJECT,Large affected area | Large individual defect | Defect detected in center region | 1 low-confidence detection(s) | Image quality requires review
scratches_232.jpg,200,200,REVIEW,39.74,7.37,13.06,3,17.700000762939453,8.5,0.42,scratches,74,HIGH,REJECT,Large affected area | Defect detected in center region | 1 low-confidence detection(s) | Image quality requires review
scratches_234.jpg,200,200,REVIEW,59.12,12.94,35.65,3,30.5,12.260000228881836,0.619,scratches,82,HIGH,REJECT,Large affected area | Large individual defect | Defect detected in center region | 1 low-confidence detection(s) | Image quality requires review
scratches_236.jpg,200,200,REVIEW,84.69,18.07,184.78,3,17.799999237060547,7.230000019073486,0.541,scratches,74,HIGH,REJECT,Large affected area | Defect detected in center region | 1 low-confidence detection(s) | Image quality requires review
scratches_240.jpg,200,200,REVIEW,60.58,13.75,45.05,5,36.06999969482422,12.039999961853027,0.44,scratches,86,HIGH,REJECT,Large affected area | Large individual defect | Multiple defects detected | Defect detected in center region | 3 low-confidence detection(s) | Image quality requires review
scratches_246.jpg,200,200,REVIEW,66.04,8.46,31.55,4,21.290000915527344,6.5,0.388,scratches,82,HIGH,REJECT,Large affected area | Defect detected in center region | 3 low-confidence detection(s) | Image quality requires review
scratches_255.jpg,200,200,REVIEW,60.53,22.31,34.81,1,15.069999694824219,15.069999694824219,0.988,scratches,60,MEDIUM,INSPECT,Large affected area | Large individual defect | Image quality requires review
scratches_259.jpg,200,200,PASS,96.31,35.35,145.58,1,14.460000038146973,14.460000038146973,0.941,scratches,64,HIGH,REJECT,Large affected area | Large individual defect | Defect detected in center region
scratches_265.jpg,200,200,PASS,105.79,27.04,222.15,6,72.26000213623047,15.020000457763672,0.383,scratches,89,HIGH,REJECT,Large affected area | Large individual defect | Multiple defects detected | 3 low-confidence detection(s)
scratches_268.jpg,200,200,REVIEW,82.17,14.36,73.59,7,33.68000030517578,6.070000171661377,0.351,scratches,85,HIGH,REJECT,Large affected area | Multiple defects detected | 5 low-confidence detection(s) | Image quality requires review
scratches_276.jpg,200,200,REVIEW,69.13,17.57,52.54,2,17.450000762939453,14.220000267028809,0.805,scratches,67,HIGH,REJECT,Large affected area | Large individual defect | Image quality requires review
scratches_278.jpg,200,200,PASS,81.59,26.65,112.66,8,56.25,15.890000343322754,0.478,scratches,89,HIGH,REJECT,Large affected area | Large individual defect | Multiple defects detected | Defect detected in center region | 3 low-confidence detection(s)
scratches_28.jpg,200,200,REVIEW,86.3,18.85,28.63,2,5.769999980926514,3.7899999618530273,0.69,scratches,49,MEDIUM,INSPECT,Moderate affected area | Image quality requires review
scratches_284.jpg,200,200,REVIEW,42.78,13.38,21.72,4,25.079999923706055,12.59000015258789,0.51,scratches,86,HIGH,REJECT,Large affected area | Large individual defect | Defect detected in center region | 2 low-confidence detection(s) | Image quality requires review
scratches_287.jpg,200,200,PASS,83.4,32.32,69.84,1,13.75,13.75,0.934,scratches,60,MEDIUM,INSPECT,Large affected area | Large individual defect
scratches_40.jpg,200,200,REVIEW,152.63,15.97,79.2,1,12.270000457763672,12.270000457763672,0.803,scratches,64,HIGH,REJECT,Large affected area | Large individual defect | Defect detected in center region | Image quality requires review
scratches_43.jpg,200,200,REVIEW,77.36,13.59,15.48,1,9.859999656677246,9.859999656677246,0.74,scratches,54,MEDIUM,INSPECT,Moderate affected area | Defect detected in center region | Image quality requires review
scratches_45.jpg,200,200,PASS,141.61,21.99,90.09,2,27.09000015258789,16.190000534057617,0.626,scratches,82,HIGH,REJECT,Large affected area | Large individual defect | Defect detected in center region | 1 low-confidence detection(s)
scratches_47.jpg,200,200,REVIEW,105.64,22.92,42.14,1,14.729999542236328,14.729999542236328,0.842,scratches,60,MEDIUM,INSPECT,Large affected area | Large individual defect | Image quality requires review
scratches_50.jpg,200,200,PASS,139.31,28.87,92.68,1,20.18000030517578,20.18000030517578,0.741,scratches,67,HIGH,REJECT,Large affected area | Large individual defect
scratches_52.jpg,200,200,PASS,156.25,23.36,106.14,2,35.970001220703125,23.049999237060547,0.455,scratches,85,HIGH,REJECT,Large affected area | Large individual defect | Defect detected in center region | 1 low-confidence detection(s)
scratches_53.jpg,200,200,REVIEW,164.31,19.37,124.87,1,18.8700008392334,18.8700008392334,0.897,scratches,60,MEDIUM,INSPECT,Large affected area | Large individual defect | Image quality requires review
scratches_6.jpg,200,200,PASS,119.49,30.52,217.41,3,29.290000915527344,25.1299991607666,0.422,scratches,84,HIGH,REJECT,Large affected area | Large individual defect | Defect detected in center region | 2 low-confidence detection(s)
scratches_60.jpg,200,200,REVIEW,165.11,18.81,129.31,2,33.72999954223633,18.270000457763672,0.579,scratches,74,HIGH,REJECT,Large affected area | Large individual defect | 1 low-confidence detection(s) | Image quality requires review
scratches_68.jpg,200,200,PASS,127.6,29.94,68.13,4,40.31999969482422,14.4399995803833,0.503,scratches,86,HIGH,REJECT,Large affected area | Large individual defect | Defect detected in center region | 2 low-confidence detection(s)
scratches_70.jpg,200,200,REVIEW,143.66,14.82,50.35,3,25.579999923706055,10.880000114440918,0.453,scratches,80,HIGH,REJECT,Large affected area | Large individual defect | 1 low-confidence detection(s) | Image quality requires review
scratches_74.jpg,200,200,REVIEW,80.13,19.93,98.56,4,20.239999771118164,6.079999923706055,0.398,scratches,80,HIGH,REJECT,Large affected area | 2 low-confidence detection(s) | Image quality requires review
scratches_76.jpg,200,200,REVIEW,90.16,18.87,70.32,2,11.819999694824219,6.630000114440918,0.444,scratches,66,HIGH,REJECT,Large affected area | 1 low-confidence detection(s) | Image quality requires review
scratches_77.jpg,200,200,PASS,103.72,24.29,261.58,2,14.8100004196167,9.289999961853027,0.758,scratches,70,HIGH,REJECT,Large affected area | Defect detected in center region
scratches_80.jpg,200,200,REVIEW,103.97,19.27,80.1,2,12.449999809265137,7.090000152587891,0.423,scratches,66,HIGH,REJECT,Large affected area | 1 low-confidence detection(s) | Image quality requires review
scratches_82.jpg,200,200,REVIEW,128.45,18.15,191.54,4,28.239999771118164,7.96999979019165,0.493,scratches,82,HIGH,REJECT,Large affected area | Defect detected in center region | 1 low-confidence detection(s) | Image quality requires review
scratches_84.jpg,200,200,PASS,86.94,20.06,126.05,2,10.510000228881836,6.429999828338623,0.342,scratches,70,HIGH,REJECT,Large affected area | Defect detected in center region | 1 low-confidence detection(s)
scratches_85.jpg,200,200,REVIEW,79.71,18.69,127.41,4,18.290000915527344,6.579999923706055,0.443,scratches,78,HIGH,REJECT,Large affected area | Defect detected in center region | 2 low-confidence detection(s) | Image quality requires review
scratches_88.jpg,200,200,REVIEW,79.91,16.95,97.94,3,18.59000015258789,7.489999771118164,0.424,scratches,74,HIGH,REJECT,Large affected area | Defect detected in center region | 1 low-confidence detection(s) | Image quality requires review
scratches_90.jpg,200,200,REVIEW,135.62,16.74,55.08,2,10.90999984741211,8.470000267028809,0.591,scratches,63,HIGH,REJECT,Large affected area | 1 low-confidence detection(s) | Image quality requires review
scratches_92.jpg,200,200,PASS,129.92,22.48,64.96,2,12.970000267028809,11.260000228881836,0.749,scratches,67,HIGH,REJECT,Large affected area | Large individual defect
scratches_94.jpg,200,200,PASS,148.36,22.67,89.29,1,10.789999961853027,10.789999961853027,0.75,scratches,64,HIGH,REJECT,Large affected area | Large individual defect | Defect detected in center region
scratches_98.jpg,200,200,REVIEW,82.78,16.92,61.46,4,67.41000366210938,29.43000030517578,0.315,scratches,89,HIGH,REJECT,Large affected area | Large individual defect | 4 low-confidence detection(s) | Image quality requires review
